department,co2_footprint
Engineering,1737.5944000848122
Finance,910.5218436091426
HR,55.91213493517869
IT,2849.691440300469
Marketing,1368.781876640745
Sales,2832.8453934208064
